212.0 F,04:23:48
212.0 F,04:23:48
212.0 F,04:23:53
212.0 F,04:23:58
212.0 F,04:24:03
212.0 F,04:24:08
212.0 F,04:24:13
212.0 F,04:24:18
212.0 F,04:24:23
212.0 F,04:24:28
212.0 F,04:24:33
212.0 F,04:24:38
212.0 F,04:24:43
212.0 F,04:24:48
212.0 F,04:24:53
212.0 F,04:24:58
212.0 F,04:25:03
212.0 F,04:25:08
212.0 F,04:25:13
212.0 F,04:25:18
212.0 F,04:25:23
212.0 F,04:25:28
212.0 F,04:25:33
212.0 F,04:25:38
212.0 F,04:25:43
212.0 F,04:25:48
212.0 F,04:25:53
212.0 F,04:25:58
212.0 F,04:26:03
212.0 F,04:26:08
212.0 F,04:26:13
212.0 F,04:26:18
212.0 F,04:26:23
212.0 F,04:26:28
212.0 F,04:26:33
212.0 F,04:26:38
212.0 F,04:26:43
212.0 F,04:26:48
212.0 F,04:26:53
212.0 F,04:26:58
212.0 F,04:27:03
212.0 F,04:27:08
212.0 F,04:27:13
212.0 F,04:27:18
212.0 F,04:27:23
212.0 F,04:27:28
212.0 F,04:27:33
212.0 F,04:27:38
212.0 F,04:27:43
212.0 F,04:27:48
212.0 F,04:27:53
212.0 F,04:27:58
212.0 F,04:28:03
212.0 F,04:28:08
212.0 F,04:28:13
212.0 F,04:28:18
212.0 F,04:28:23
